{"b4w_format_version": "5.07", "b4w_filepath_blend": "../../../blender/try3/bluebirdTut24.blend", "actions": [], "images": [], "textures": [{"name": "Tex.001", "uuid": "1ece0ffab47aff162f3e9bb1a8cc1ffb", "type": "NONE", "b4w_source_type": "NONE", "b4w_source_id": "", "b4w_source_size": "128", "b4w_enable_canvas_mipmapping": true, "extension": "REPEAT", "b4w_use_map_parallax": false, "b4w_parallax_scale": 0.02, "b4w_parallax_steps": 5, "b4w_parallax_lod_dist": 5, "b4w_water_foam": false, "b4w_foam_uv_freq": [1, 1], "b4w_foam_uv_magnitude": [1, 1], "b4w_shore_dist_map": false, "b4w_anisotropic_filtering": "DEFAULT", "b4w_shore_boundings": [0, 0, 0, 0], "b4w_max_shore_dist": 100, "b4w_disable_compression": false, "b4w_use_as_skydome": true, "b4w_use_as_environment_lighting": false, "image": null, "frame_duration": 0, "frame_offset": 0, "frame_start": 0, "use_auto_refresh": false, "use_cyclic": false, "movie_length": 0, "b4w_nla_video": false, "noise_intensity": null, "noise_scale": null, "use_color_ramp": false, "color_ramp": null}, {"name": "Tex.002", "uuid": "86d49229467ff2215d38dca45e26a79c", "type": "NONE", "b4w_source_type": "NONE", "b4w_source_id": "", "b4w_source_size": "128", "b4w_enable_canvas_mipmapping": true, "extension": "REPEAT", "b4w_use_map_parallax": false, "b4w_parallax_scale": 0.02, "b4w_parallax_steps": 5, "b4w_parallax_lod_dist": 5, "b4w_water_foam": false, "b4w_foam_uv_freq": [1, 1], "b4w_foam_uv_magnitude": [1, 1], "b4w_shore_dist_map": false, "b4w_anisotropic_filtering": "DEFAULT", "b4w_shore_boundings": [0, 0, 0, 0], "b4w_max_shore_dist": 100, "b4w_disable_compression": false, "b4w_use_as_skydome": true, "b4w_use_as_environment_lighting": false, "image": null, "frame_duration": 0, "frame_offset": 0, "frame_start": 0, "use_auto_refresh": false, "use_cyclic": false, "movie_length": 0, "b4w_nla_video": false, "noise_intensity": null, "noise_scale": null, "use_color_ramp": false, "color_ramp": null}], "materials": [{"use_orco_tex_coord": false, "name": "car", "use_nodes": false, "diffuse_color": [0.0052, 0.016, 0.3864], "diffuse_shader": "LAMBERT", "roughness": 0.5, "diffuse_fresnel": 0.1, "diffuse_fresnel_factor": 0.5, "darkness": 1, "diffuse_toon_size": 0.5, "diffuse_toon_smooth": 0.1, "diffuse_intensity": 0.8, "alpha": 1, "specular_alpha": 1, "raytrace_transparency": {"fresnel": 0, "fresnel_factor": 1.25}, "raytrace_mirror": {"reflect_factor": 0, "fresnel": 0, "fresnel_factor": 1.25}, "specular_color": [1, 1, 1], "specular_intensity": 0.5, "specular_shader": "COOKTORR", "specular_hardness": 50, "specular_ior": 4, "specular_slope": 0.1, "specular_toon_size": 0.5, "specular_toon_smooth": 0.1, "emit": 0, "ambient": 1, "use_vertex_color_paint": false, "b4w_water": false, "b4w_water_shore_smoothing": true, "b4w_water_absorb_factor": 6, "b4w_water_dynamic": false, "b4w_waves_height": 1, "b4w_waves_length": 10, "b4w_generated_mesh": false, "b4w_water_num_cascads": 5, "b4w_water_subdivs": 64, "b4w_water_detailed_dist": 1000, "b4w_water_fog_color": [0.4, 0.6, 0.7], "b4w_water_fog_density": 0.06, "b4w_foam_factor": 0.5, "b4w_shallow_water_col": [0, 0.8, 0.3], "b4w_shore_water_col": [0, 0.9, 0.2], "b4w_shallow_water_col_fac": 1, "b4w_shore_water_col_fac": 0.5, "b4w_water_dst_noise_scale0": 0.05, "b4w_water_dst_noise_scale1": 0.03, "b4w_water_dst_noise_freq0": 1.3, "b4w_water_dst_noise_freq1": 1, "b4w_water_dir_min_shore_fac": 0.4, "b4w_water_dir_freq": 0.5, "b4w_water_dir_noise_scale": 0.05, "b4w_water_dir_noise_freq": 0.07, "b4w_water_dir_min_noise_fac": 0.5, "b4w_water_dst_min_fac": 0.2, "b4w_water_waves_hor_fac": 5, "b4w_water_sss_strength": 1, "b4w_water_sss_width": 0.45, "b4w_water_norm_uv_velocity": 0.05, "b4w_water_enable_caust": false, "b4w_water_caust_scale": 0.25, "b4w_water_caust_brightness": 0.5, "b4w_terrain": false, "b4w_dynamic_grass_size": "", "b4w_dynamic_grass_color": "", "b4w_do_not_render": false, "b4w_lens_flares": false, "b4w_collision": false, "b4w_use_ghost": false, "b4w_collision_id": "", "b4w_collision_margin": 0.03999999910593033, "b4w_collision_group": 128, "b4w_collision_mask": 65407, "b4w_double_sided_lighting": false, "b4w_wettable": false, "b4w_refractive": false, "b4w_refr_bump": 0.0010000000474974513, "b4w_render_above_all": false, "physics": {"friction": 0.5, "elasticity": 0}, "type": "SURFACE", "b4w_halo_sky_stars": false, "b4w_halo_stars_blend_height": 10.0, "b4w_halo_stars_min_height": 0.0, "halo": {"hardness": 50, "size": 0.5, "b4w_halo_rings_color": [1, 1, 1], "b4w_halo_lines_color": [1, 1, 1], "ring_count": 0, "line_count": 0, "star_tip_count": 0}, "use_transparency": false, "use_shadeless": false, "use_tangent_shading": false, "offset_z": 0, "game_settings": {"alpha_blend": "OPAQUE", "use_backface_culling": true}, "uv_vc_key": "", "node_tree": null, "texture_slots": [{"texture_coords": "ORCO", "uv_layer": "", "use_map_color_diffuse": true, "diffuse_color_factor": 1, "use_map_alpha": false, "alpha_factor": 1, "use_map_color_spec": false, "specular_color_factor": 1, "use_map_normal": false, "normal_factor": 1, "use_map_mirror": false, "mirror_factor": 1, "use_rgb_to_intensity": false, "use_stencil": false, "offset": [0, 0, 0], "scale": [1, 1, 1], "blend_type": "MIX", "texture": {"uuid": "1ece0ffab47aff162f3e9bb1a8cc1ffb"}}], "uuid": "407188ea34eee3372818b3cee8ea37f7", "source_uuid": "407188ea34eee3372818b3cee8ea37f7"}, {"use_orco_tex_coord": false, "name": "logo", "use_nodes": false, "diffuse_color": [0.0052, 0.016, 0.3864], "diffuse_shader": "LAMBERT", "roughness": 0.5, "diffuse_fresnel": 0.1, "diffuse_fresnel_factor": 0.5, "darkness": 1, "diffuse_toon_size": 0.5, "diffuse_toon_smooth": 0.1, "diffuse_intensity": 0.8, "alpha": 1, "specular_alpha": 1, "raytrace_transparency": {"fresnel": 0, "fresnel_factor": 1.25}, "raytrace_mirror": {"reflect_factor": 0, "fresnel": 0, "fresnel_factor": 1.25}, "specular_color": [1, 1, 1], "specular_intensity": 0.5, "specular_shader": "COOKTORR", "specular_hardness": 50, "specular_ior": 4, "specular_slope": 0.1, "specular_toon_size": 0.5, "specular_toon_smooth": 0.1, "emit": 0, "ambient": 1, "use_vertex_color_paint": false, "b4w_water": false, "b4w_water_shore_smoothing": true, "b4w_water_absorb_factor": 6, "b4w_water_dynamic": false, "b4w_waves_height": 1, "b4w_waves_length": 10, "b4w_generated_mesh": false, "b4w_water_num_cascads": 5, "b4w_water_subdivs": 64, "b4w_water_detailed_dist": 1000, "b4w_water_fog_color": [0.4, 0.6, 0.7], "b4w_water_fog_density": 0.06, "b4w_foam_factor": 0.5, "b4w_shallow_water_col": [0, 0.8, 0.3], "b4w_shore_water_col": [0, 0.9, 0.2], "b4w_shallow_water_col_fac": 1, "b4w_shore_water_col_fac": 0.5, "b4w_water_dst_noise_scale0": 0.05, "b4w_water_dst_noise_scale1": 0.03, "b4w_water_dst_noise_freq0": 1.3, "b4w_water_dst_noise_freq1": 1, "b4w_water_dir_min_shore_fac": 0.4, "b4w_water_dir_freq": 0.5, "b4w_water_dir_noise_scale": 0.05, "b4w_water_dir_noise_freq": 0.07, "b4w_water_dir_min_noise_fac": 0.5, "b4w_water_dst_min_fac": 0.2, "b4w_water_waves_hor_fac": 5, "b4w_water_sss_strength": 1, "b4w_water_sss_width": 0.45, "b4w_water_norm_uv_velocity": 0.05, "b4w_water_enable_caust": false, "b4w_water_caust_scale": 0.25, "b4w_water_caust_brightness": 0.5, "b4w_terrain": false, "b4w_dynamic_grass_size": "", "b4w_dynamic_grass_color": "", "b4w_do_not_render": false, "b4w_lens_flares": false, "b4w_collision": false, "b4w_use_ghost": false, "b4w_collision_id": "", "b4w_collision_margin": 0.03999999910593033, "b4w_collision_group": 128, "b4w_collision_mask": 65407, "b4w_double_sided_lighting": false, "b4w_wettable": false, "b4w_refractive": false, "b4w_refr_bump": 0.0010000000474974513, "b4w_render_above_all": false, "physics": {"friction": 0.5, "elasticity": 0}, "type": "SURFACE", "b4w_halo_sky_stars": false, "b4w_halo_stars_blend_height": 10.0, "b4w_halo_stars_min_height": 0.0, "halo": {"hardness": 50, "size": 0.5, "b4w_halo_rings_color": [1, 1, 1], "b4w_halo_lines_color": [1, 1, 1], "ring_count": 0, "line_count": 0, "star_tip_count": 0}, "use_transparency": false, "use_shadeless": false, "use_tangent_shading": false, "offset_z": 0, "game_settings": {"alpha_blend": "OPAQUE", "use_backface_culling": true}, "uv_vc_key": "", "node_tree": null, "texture_slots": [], "uuid": "9f160fa24fd35e949aa647d629bf4067", "source_uuid": "9f160fa24fd35e949aa647d629bf4067"}, {"use_orco_tex_coord": false, "name": "glass", "use_nodes": false, "diffuse_color": [0.0911, 0.6683, 0.8], "diffuse_shader": "LAMBERT", "roughness": 0.5, "diffuse_fresnel": 0.1, "diffuse_fresnel_factor": 0.5, "darkness": 1, "diffuse_toon_size": 0.5, "diffuse_toon_smooth": 0.1, "diffuse_intensity": 0.8, "alpha": 1, "specular_alpha": 1, "raytrace_transparency": {"fresnel": 0, "fresnel_factor": 1.25}, "raytrace_mirror": {"reflect_factor": 0, "fresnel": 0, "fresnel_factor": 1.25}, "specular_color": [1, 1, 1], "specular_intensity": 0.5, "specular_shader": "COOKTORR", "specular_hardness": 50, "specular_ior": 4, "specular_slope": 0.1, "specular_toon_size": 0.5, "specular_toon_smooth": 0.1, "emit": 0, "ambient": 1, "use_vertex_color_paint": false, "b4w_water": false, "b4w_water_shore_smoothing": true, "b4w_water_absorb_factor": 6, "b4w_water_dynamic": false, "b4w_waves_height": 1, "b4w_waves_length": 10, "b4w_generated_mesh": false, "b4w_water_num_cascads": 5, "b4w_water_subdivs": 64, "b4w_water_detailed_dist": 1000, "b4w_water_fog_color": [0.4, 0.6, 0.7], "b4w_water_fog_density": 0.06, "b4w_foam_factor": 0.5, "b4w_shallow_water_col": [0, 0.8, 0.3], "b4w_shore_water_col": [0, 0.9, 0.2], "b4w_shallow_water_col_fac": 1, "b4w_shore_water_col_fac": 0.5, "b4w_water_dst_noise_scale0": 0.05, "b4w_water_dst_noise_scale1": 0.03, "b4w_water_dst_noise_freq0": 1.3, "b4w_water_dst_noise_freq1": 1, "b4w_water_dir_min_shore_fac": 0.4, "b4w_water_dir_freq": 0.5, "b4w_water_dir_noise_scale": 0.05, "b4w_water_dir_noise_freq": 0.07, "b4w_water_dir_min_noise_fac": 0.5, "b4w_water_dst_min_fac": 0.2, "b4w_water_waves_hor_fac": 5, "b4w_water_sss_strength": 1, "b4w_water_sss_width": 0.45, "b4w_water_norm_uv_velocity": 0.05, "b4w_water_enable_caust": false, "b4w_water_caust_scale": 0.25, "b4w_water_caust_brightness": 0.5, "b4w_terrain": false, "b4w_dynamic_grass_size": "", "b4w_dynamic_grass_color": "", "b4w_do_not_render": false, "b4w_lens_flares": false, "b4w_collision": false, "b4w_use_ghost": false, "b4w_collision_id": "", "b4w_collision_margin": 0.03999999910593033, "b4w_collision_group": 128, "b4w_collision_mask": 65407, "b4w_double_sided_lighting": false, "b4w_wettable": false, "b4w_refractive": false, "b4w_refr_bump": 0.0010000000474974513, "b4w_render_above_all": false, "physics": {"friction": 0.5, "elasticity": 0}, "type": "SURFACE", "b4w_halo_sky_stars": false, "b4w_halo_stars_blend_height": 10.0, "b4w_halo_stars_min_height": 0.0, "halo": {"hardness": 50, "size": 0.5, "b4w_halo_rings_color": [1, 1, 1], "b4w_halo_lines_color": [1, 1, 1], "ring_count": 0, "line_count": 0, "star_tip_count": 0}, "use_transparency": false, "use_shadeless": false, "use_tangent_shading": false, "offset_z": 0, "game_settings": {"alpha_blend": "OPAQUE", "use_backface_culling": true}, "uv_vc_key": "", "node_tree": null, "texture_slots": [{"texture_coords": "ORCO", "uv_layer": "", "use_map_color_diffuse": true, "diffuse_color_factor": 1, "use_map_alpha": false, "alpha_factor": 1, "use_map_color_spec": false, "specular_color_factor": 1, "use_map_normal": false, "normal_factor": 1, "use_map_mirror": false, "mirror_factor": 1, "use_rgb_to_intensity": false, "use_stencil": false, "offset": [0, 0, 0], "scale": [1, 1, 1], "blend_type": "MIX", "texture": {"uuid": "86d49229467ff2215d38dca45e26a79c"}}], "uuid": "449a81cc884b9a681a1de35800503b56", "source_uuid": "449a81cc884b9a681a1de35800503b56"}, {"use_orco_tex_coord": false, "name": "wheel", "use_nodes": false, "diffuse_color": [0.009, 0.009, 0.009], "diffuse_shader": "LAMBERT", "roughness": 0.5, "diffuse_fresnel": 0.1, "diffuse_fresnel_factor": 0.5, "darkness": 1, "diffuse_toon_size": 0.5, "diffuse_toon_smooth": 0.1, "diffuse_intensity": 0.8, "alpha": 1, "specular_alpha": 1, "raytrace_transparency": {"fresnel": 0, "fresnel_factor": 1.25}, "raytrace_mirror": {"reflect_factor": 0, "fresnel": 0, "fresnel_factor": 1.25}, "specular_color": [1, 1, 1], "specular_intensity": 0.5, "specular_shader": "COOKTORR", "specular_hardness": 50, "specular_ior": 4, "specular_slope": 0.1, "specular_toon_size": 0.5, "specular_toon_smooth": 0.1, "emit": 0, "ambient": 1, "use_vertex_color_paint": false, "b4w_water": false, "b4w_water_shore_smoothing": true, "b4w_water_absorb_factor": 6, "b4w_water_dynamic": false, "b4w_waves_height": 1, "b4w_waves_length": 10, "b4w_generated_mesh": false, "b4w_water_num_cascads": 5, "b4w_water_subdivs": 64, "b4w_water_detailed_dist": 1000, "b4w_water_fog_color": [0.4, 0.6, 0.7], "b4w_water_fog_density": 0.06, "b4w_foam_factor": 0.5, "b4w_shallow_water_col": [0, 0.8, 0.3], "b4w_shore_water_col": [0, 0.9, 0.2], "b4w_shallow_water_col_fac": 1, "b4w_shore_water_col_fac": 0.5, "b4w_water_dst_noise_scale0": 0.05, "b4w_water_dst_noise_scale1": 0.03, "b4w_water_dst_noise_freq0": 1.3, "b4w_water_dst_noise_freq1": 1, "b4w_water_dir_min_shore_fac": 0.4, "b4w_water_dir_freq": 0.5, "b4w_water_dir_noise_scale": 0.05, "b4w_water_dir_noise_freq": 0.07, "b4w_water_dir_min_noise_fac": 0.5, "b4w_water_dst_min_fac": 0.2, "b4w_water_waves_hor_fac": 5, "b4w_water_sss_strength": 1, "b4w_water_sss_width": 0.45, "b4w_water_norm_uv_velocity": 0.05, "b4w_water_enable_caust": false, "b4w_water_caust_scale": 0.25, "b4w_water_caust_brightness": 0.5, "b4w_terrain": false, "b4w_dynamic_grass_size": "", "b4w_dynamic_grass_color": "", "b4w_do_not_render": false, "b4w_lens_flares": false, "b4w_collision": false, "b4w_use_ghost": false, "b4w_collision_id": "", "b4w_collision_margin": 0.03999999910593033, "b4w_collision_group": 128, "b4w_collision_mask": 65407, "b4w_double_sided_lighting": false, "b4w_wettable": false, "b4w_refractive": false, "b4w_refr_bump": 0.0010000000474974513, "b4w_render_above_all": false, "physics": {"friction": 0.5, "elasticity": 0}, "type": "SURFACE", "b4w_halo_sky_stars": false, "b4w_halo_stars_blend_height": 10.0, "b4w_halo_stars_min_height": 0.0, "halo": {"hardness": 50, "size": 0.5, "b4w_halo_rings_color": [1, 1, 1], "b4w_halo_lines_color": [1, 1, 1], "ring_count": 0, "line_count": 0, "star_tip_count": 0}, "use_transparency": false, "use_shadeless": false, "use_tangent_shading": false, "offset_z": 0, "game_settings": {"alpha_blend": "OPAQUE", "use_backface_culling": true}, "uv_vc_key": "", "node_tree": null, "texture_slots": [], "uuid": "06f00485a2b26d8d3a6692be725ffafb", "source_uuid": "06f00485a2b26d8d3a6692be725ffafb"}, {"use_orco_tex_coord": false, "name": "wheelLogo", "use_nodes": false, "diffuse_color": [0.07, 0.07, 0.07], "diffuse_shader": "LAMBERT", "roughness": 0.5, "diffuse_fresnel": 0.1, "diffuse_fresnel_factor": 0.5, "darkness": 1, "diffuse_toon_size": 0.5, "diffuse_toon_smooth": 0.1, "diffuse_intensity": 0.8, "alpha": 1, "specular_alpha": 1, "raytrace_transparency": {"fresnel": 0, "fresnel_factor": 1.25}, "raytrace_mirror": {"reflect_factor": 0, "fresnel": 0, "fresnel_factor": 1.25}, "specular_color": [1, 1, 1], "specular_intensity": 0.5, "specular_shader": "COOKTORR", "specular_hardness": 50, "specular_ior": 4, "specular_slope": 0.1, "specular_toon_size": 0.5, "specular_toon_smooth": 0.1, "emit": 0, "ambient": 1, "use_vertex_color_paint": false, "b4w_water": false, "b4w_water_shore_smoothing": true, "b4w_water_absorb_factor": 6, "b4w_water_dynamic": false, "b4w_waves_height": 1, "b4w_waves_length": 10, "b4w_generated_mesh": false, "b4w_water_num_cascads": 5, "b4w_water_subdivs": 64, "b4w_water_detailed_dist": 1000, "b4w_water_fog_color": [0.4, 0.6, 0.7], "b4w_water_fog_density": 0.06, "b4w_foam_factor": 0.5, "b4w_shallow_water_col": [0, 0.8, 0.3], "b4w_shore_water_col": [0, 0.9, 0.2], "b4w_shallow_water_col_fac": 1, "b4w_shore_water_col_fac": 0.5, "b4w_water_dst_noise_scale0": 0.05, "b4w_water_dst_noise_scale1": 0.03, "b4w_water_dst_noise_freq0": 1.3, "b4w_water_dst_noise_freq1": 1, "b4w_water_dir_min_shore_fac": 0.4, "b4w_water_dir_freq": 0.5, "b4w_water_dir_noise_scale": 0.05, "b4w_water_dir_noise_freq": 0.07, "b4w_water_dir_min_noise_fac": 0.5, "b4w_water_dst_min_fac": 0.2, "b4w_water_waves_hor_fac": 5, "b4w_water_sss_strength": 1, "b4w_water_sss_width": 0.45, "b4w_water_norm_uv_velocity": 0.05, "b4w_water_enable_caust": false, "b4w_water_caust_scale": 0.25, "b4w_water_caust_brightness": 0.5, "b4w_terrain": false, "b4w_dynamic_grass_size": "", "b4w_dynamic_grass_color": "", "b4w_do_not_render": false, "b4w_lens_flares": false, "b4w_collision": false, "b4w_use_ghost": false, "b4w_collision_id": "", "b4w_collision_margin": 0.03999999910593033, "b4w_collision_group": 128, "b4w_collision_mask": 65407, "b4w_double_sided_lighting": false, "b4w_wettable": false, "b4w_refractive": false, "b4w_refr_bump": 0.0010000000474974513, "b4w_render_above_all": false, "physics": {"friction": 0.5, "elasticity": 0}, "type": "SURFACE", "b4w_halo_sky_stars": false, "b4w_halo_stars_blend_height": 10.0, "b4w_halo_stars_min_height": 0.0, "halo": {"hardness": 50, "size": 0.5, "b4w_halo_rings_color": [1, 1, 1], "b4w_halo_lines_color": [1, 1, 1], "ring_count": 0, "line_count": 0, "star_tip_count": 0}, "use_transparency": false, "use_shadeless": false, "use_tangent_shading": false, "offset_z": 0, "game_settings": {"alpha_blend": "OPAQUE", "use_backface_culling": true}, "uv_vc_key": "", "node_tree": null, "texture_slots": [], "uuid": "d4a0ab82fa2a5123f0a18240fed8d6a9", "source_uuid": "d4a0ab82fa2a5123f0a18240fed8d6a9"}], "meshes": [{"name": "Plane", "uuid": "09800a2138734b689baf4bb989159607", "materials": [], "b4w_vertex_anim": [], "vertex_groups": [], "uv_textures": [], "active_vcol_name": null, "submeshes": [{"boundings": {"bounding_box": {"max_x": 1, "max_y": 0, "max_z": 1, "min_x": -1, "min_y": 0, "min_z": -1}, "bounding_ellipsoid_axes": [1.48925, 0, 1.48925], "bounding_ellipsoid_center": [0.02062, 0, 0.08452]}, "base_length": 4, "indices": [0, 6], "normal": [0, 12], "tangent": [0, 0], "color": [0, 0], "group": [0, 0], "position": [0, 12], "texcoord": [0, 0], "texcoord2": [0, 0], "shade_tangs": [0, 0], "vertex_colors": []}], "b4w_shape_keys": [], "b4w_bounding_box": {"max_x": 1, "max_y": 0, "max_z": 1, "min_x": -1, "min_y": 0, "min_z": -1}, "b4w_bounding_ellipsoid_axes": [1.48925, 0, 1.48925], "b4w_bounding_ellipsoid_center": [0.02062, 0, 0.08452], "b4w_bounding_sphere_radius": 1.48925, "b4w_bounding_cylinder_radius": 1.48925, "b4w_bounding_sphere_center": [0.02062, 0, 0.08452], "b4w_bounding_cylinder_center": [0.02062, 0, 0.08452], "b4w_bounding_box_source": {"max_x": 1, "max_y": 0, "max_z": 1, "min_x": -1, "min_y": 0, "min_z": -1}}, {"name": "Cube", "uuid": "6114715908e56e9e651bd29b456c329c", "materials": [], "b4w_vertex_anim": [], "vertex_groups": [], "uv_textures": [], "active_vcol_name": null, "submeshes": [{"boundings": {"bounding_box": {"max_x": 1, "max_y": 1, "max_z": 1, "min_x": -1, "min_y": -1, "min_z": -1}, "bounding_ellipsoid_axes": [1.90178, 1.90178, 1.90178], "bounding_ellipsoid_center": [-0.19452, 0.05904, 0.03359]}, "base_length": 24, "indices": [6, 36], "normal": [12, 72], "tangent": [0, 0], "color": [0, 0], "group": [0, 0], "position": [12, 72], "texcoord": [0, 0], "texcoord2": [0, 0], "shade_tangs": [0, 0], "vertex_colors": []}], "b4w_shape_keys": [], "b4w_bounding_box": {"max_x": 1, "max_y": 1, "max_z": 1, "min_x": -1, "min_y": -1, "min_z": -1}, "b4w_bounding_ellipsoid_axes": [1.90178, 1.90178, 1.90178], "b4w_bounding_ellipsoid_center": [-0.19452, 0.05904, 0.03359], "b4w_bounding_sphere_radius": 1.90178, "b4w_bounding_cylinder_radius": 1.48925, "b4w_bounding_sphere_center": [-0.19452, 0.05904, 0.03359], "b4w_bounding_cylinder_center": [-0.08452, 0, -0.02062], "b4w_bounding_box_source": {"max_x": 1, "max_y": 1, "max_z": 1, "min_x": -1, "min_y": -1, "min_z": -1}}, {"name": "Cube.001", "uuid": "7dfb2621f00081297328384b306d9417", "materials": [{"uuid": "407188ea34eee3372818b3cee8ea37f7"}, {"uuid": "9f160fa24fd35e949aa647d629bf4067"}, {"uuid": "449a81cc884b9a681a1de35800503b56"}], "b4w_vertex_anim": [], "vertex_groups": [], "uv_textures": ["UVMap"], "active_vcol_name": null, "submeshes": [{"boundings": {"bounding_box": {"max_x": 0.89621, "max_y": 0.79755, "max_z": 2.36028, "min_x": -0.89621, "min_y": -0.4396, "min_z": -2.239}, "bounding_ellipsoid_axes": [1.45849, 1.00666, 3.74241], "bounding_ellipsoid_center": [-0.11668, 0.14939, -0.00304]}, "base_length": 1501, "indices": [42, 7992], "normal": [84, 4503], "tangent": [4587, 6004], "color": [0, 0], "group": [0, 0], "position": [84, 4503], "texcoord": [4587, 3002], "texcoord2": [0, 0], "shade_tangs": [0, 0], "vertex_colors": []}, {"boundings": {"bounding_box": {"max_x": 0.8402, "max_y": 0.40907, "max_z": 1.70514, "min_x": -0.8402, "min_y": 0.2659, "min_z": 0.93956}, "bounding_ellipsoid_axes": [1.31579, 0.1121, 0.59946], "bounding_ellipsoid_center": [-0.04884, 0.33435, 1.33867]}, "base_length": 63, "indices": [8034, 288], "normal": [10591, 189], "tangent": [10780, 252], "color": [0, 0], "group": [0, 0], "position": [7589, 189], "texcoord": [7778, 126], "texcoord2": [0, 0], "shade_tangs": [0, 0], "vertex_colors": []}, {"boundings": {"bounding_box": {"max_x": 0.57126, "max_y": 0.54962, "max_z": 0.23925, "min_x": -0.57126, "min_y": 0.23497, "min_z": -1.14216}, "bounding_ellipsoid_axes": [0.89548, 0.24661, 1.08272], "bounding_ellipsoid_center": [0.05103, 0.3607, -0.50808]}, "base_length": 54, "indices": [8322, 114], "normal": [11032, 162], "tangent": [11194, 216], "color": [0, 0], "group": [0, 0], "position": [7904, 162], "texcoord": [8066, 108], "texcoord2": [0, 0], "shade_tangs": [0, 0], "vertex_colors": []}], "b4w_shape_keys": [], "b4w_bounding_box": {"max_x": 0.89621, "max_y": 0.79755, "max_z": 2.36028, "min_x": -0.89621, "min_y": -0.4396, "min_z": -2.239}, "b4w_bounding_ellipsoid_axes": [1.45849, 1.00666, 3.74241], "b4w_bounding_ellipsoid_center": [-0.11668, 0.14939, -0.00304], "b4w_bounding_sphere_radius": 2.44012, "b4w_bounding_cylinder_radius": 2.43451, "b4w_bounding_sphere_center": [-0.03238, 0.16686, 0.07749], "b4w_bounding_cylinder_center": [-0.0315, 0.17898, 0.07396], "b4w_bounding_box_source": {"max_x": 0.89621, "max_y": 0.79755, "max_z": 2.36028, "min_x": -0.89621, "min_y": -0.4396, "min_z": -2.239}}, {"name": "Cylinder.001", "uuid": "d31f51ac34ee70d2c5305723d5f1fe19", "materials": [{"uuid": "06f00485a2b26d8d3a6692be725ffafb"}, {"uuid": "d4a0ab82fa2a5123f0a18240fed8d6a9"}], "b4w_vertex_anim": [], "vertex_groups": [], "uv_textures": ["UVMap"], "active_vcol_name": null, "submeshes": [{"boundings": {"bounding_box": {"max_x": 0.15, "max_y": 0.3, "max_z": 0.3, "min_x": -0.15, "min_y": -0.3, "min_z": -0.3}, "bounding_ellipsoid_axes": [0.23144, 0.46288, 0.46288], "bounding_ellipsoid_center": [-0.00025, -0.02927, 0.04307]}, "base_length": 346, "indices": [8436, 474], "normal": [11410, 1038], "tangent": [12448, 1384], "color": [0, 0], "group": [0, 0], "position": [8174, 1038], "texcoord": [9212, 692], "texcoord2": [0, 0], "shade_tangs": [0, 0], "vertex_colors": []}, {"boundings": {"bounding_box": {"max_x": -0.15, "max_y": 0.24, "max_z": 0.24, "min_x": -0.15, "min_y": -0.24, "min_z": -0.24}, "bounding_ellipsoid_axes": [0, 0.35421, 0.35421], "bounding_ellipsoid_center": [-0.15, 0.00442, 0.00733]}, "base_length": 90, "indices": [8910, 90], "normal": [13832, 270], "tangent": [14102, 360], "color": [0, 0], "group": [0, 0], "position": [9904, 270], "texcoord": [10174, 180], "texcoord2": [0, 0], "shade_tangs": [0, 0], "vertex_colors": []}], "b4w_shape_keys": [], "b4w_bounding_box": {"max_x": 0.15, "max_y": 0.3, "max_z": 0.3, "min_x": -0.15, "min_y": -0.3, "min_z": -0.3}, "b4w_bounding_ellipsoid_axes": [0.23144, 0.46288, 0.46288], "b4w_bounding_ellipsoid_center": [-0.00025, -0.02927, 0.04307], "b4w_bounding_sphere_radius": 0.35035, "b4w_bounding_cylinder_radius": 0.33896, "b4w_bounding_sphere_center": [-0.00083, -0.01367, 0.00875], "b4w_bounding_cylinder_center": [-0.00112, 0, 0.00341], "b4w_bounding_box_source": {"max_x": 0.15, "max_y": 0.3, "max_z": 0.3, "min_x": -0.15, "min_y": -0.3, "min_z": -0.3}}, {"name": "Cylinder.002", "uuid": "fd83923c606bb00c2ca12b5efc5898e7", "materials": [{"uuid": "06f00485a2b26d8d3a6692be725ffafb"}, {"uuid": "d4a0ab82fa2a5123f0a18240fed8d6a9"}], "b4w_vertex_anim": [], "vertex_groups": [], "uv_textures": ["UVMap"], "active_vcol_name": null, "submeshes": [{"boundings": {"bounding_box": {"max_x": 0.15, "max_y": 0.3, "max_z": 0.3, "min_x": -0.15, "min_y": -0.3, "min_z": -0.3}, "bounding_ellipsoid_axes": [0.23144, 0.46288, 0.46288], "bounding_ellipsoid_center": [-0.00025, -0.02927, 0.04307]}, "base_length": 346, "indices": [9000, 474], "normal": [14462, 1038], "tangent": [15500, 1384], "color": [0, 0], "group": [0, 0], "position": [10354, 1038], "texcoord": [11392, 692], "texcoord2": [0, 0], "shade_tangs": [0, 0], "vertex_colors": []}, {"boundings": {"bounding_box": {"max_x": -0.15, "max_y": 0.24, "max_z": 0.24, "min_x": -0.15, "min_y": -0.24, "min_z": -0.24}, "bounding_ellipsoid_axes": [0, 0.35421, 0.35421], "bounding_ellipsoid_center": [-0.15, 0.00442, 0.00733]}, "base_length": 90, "indices": [9474, 90], "normal": [16884, 270], "tangent": [17154, 360], "color": [0, 0], "group": [0, 0], "position": [12084, 270], "texcoord": [12354, 180], "texcoord2": [0, 0], "shade_tangs": [0, 0], "vertex_colors": []}], "b4w_shape_keys": [], "b4w_bounding_box": {"max_x": 0.15, "max_y": 0.3, "max_z": 0.3, "min_x": -0.15, "min_y": -0.3, "min_z": -0.3}, "b4w_bounding_ellipsoid_axes": [0.23144, 0.46288, 0.46288], "b4w_bounding_ellipsoid_center": [-0.00025, -0.02927, 0.04307], "b4w_bounding_sphere_radius": 0.35035, "b4w_bounding_cylinder_radius": 0.33896, "b4w_bounding_sphere_center": [-0.00083, -0.01367, 0.00875], "b4w_bounding_cylinder_center": [-0.00112, 0, 0.00341], "b4w_bounding_box_source": {"max_x": 0.15, "max_y": 0.3, "max_z": 0.3, "min_x": -0.15, "min_y": -0.3, "min_z": -0.3}}, {"name": "Cylinder.000", "uuid": "c632ce801f99af933eaceb2596bdc168", "materials": [{"uuid": "06f00485a2b26d8d3a6692be725ffafb"}, {"uuid": "d4a0ab82fa2a5123f0a18240fed8d6a9"}], "b4w_vertex_anim": [], "vertex_groups": [], "uv_textures": ["UVMap"], "active_vcol_name": null, "submeshes": [{"boundings": {"bounding_box": {"max_x": 0.15, "max_y": 0.3, "max_z": 0.3, "min_x": -0.15, "min_y": -0.3, "min_z": -0.3}, "bounding_ellipsoid_axes": [0.23144, 0.46288, 0.46288], "bounding_ellipsoid_center": [0.00025, -0.02927, -0.04307]}, "base_length": 346, "indices": [9564, 474], "normal": [17514, 1038], "tangent": [18552, 1384], "color": [0, 0], "group": [0, 0], "position": [12534, 1038], "texcoord": [13572, 692], "texcoord2": [0, 0], "shade_tangs": [0, 0], "vertex_colors": []}, {"boundings": {"bounding_box": {"max_x": 0.15, "max_y": 0.24, "max_z": 0.24, "min_x": 0.15, "min_y": -0.24, "min_z": -0.24}, "bounding_ellipsoid_axes": [0, 0.35741, 0.35741], "bounding_ellipsoid_center": [0.15, 0.00795, -0.01238]}, "base_length": 90, "indices": [10038, 90], "normal": [19936, 270], "tangent": [20206, 360], "color": [0, 0], "group": [0, 0], "position": [14264, 270], "texcoord": [14534, 180], "texcoord2": [0, 0], "shade_tangs": [0, 0], "vertex_colors": []}], "b4w_shape_keys": [], "b4w_bounding_box": {"max_x": 0.15, "max_y": 0.3, "max_z": 0.3, "min_x": -0.15, "min_y": -0.3, "min_z": -0.3}, "b4w_bounding_ellipsoid_axes": [0.23144, 0.46288, 0.46288], "b4w_bounding_ellipsoid_center": [0.00025, -0.02927, -0.04307], "b4w_bounding_sphere_radius": 0.35035, "b4w_bounding_cylinder_radius": 0.33896, "b4w_bounding_sphere_center": [0.00083, -0.01367, -0.00875], "b4w_bounding_cylinder_center": [0.00112, 0, -0.00341], "b4w_bounding_box_source": {"max_x": 0.15, "max_y": 0.3, "max_z": 0.3, "min_x": -0.15, "min_y": -0.3, "min_z": -0.3}}, {"name": "Cylinder.003", "uuid": "bb3675ff79420381de491abef2b4ebd0", "materials": [{"uuid": "06f00485a2b26d8d3a6692be725ffafb"}, {"uuid": "d4a0ab82fa2a5123f0a18240fed8d6a9"}], "b4w_vertex_anim": [], "vertex_groups": [], "uv_textures": ["UVMap"], "active_vcol_name": null, "submeshes": [{"boundings": {"bounding_box": {"max_x": 0.15, "max_y": 0.3, "max_z": 0.3, "min_x": -0.15, "min_y": -0.3, "min_z": -0.3}, "bounding_ellipsoid_axes": [0.23144, 0.46288, 0.46288], "bounding_ellipsoid_center": [0.00025, -0.02927, -0.04307]}, "base_length": 346, "indices": [10128, 474], "normal": [20566, 1038], "tangent": [21604, 1384], "color": [0, 0], "group": [0, 0], "position": [14714, 1038], "texcoord": [15752, 692], "texcoord2": [0, 0], "shade_tangs": [0, 0], "vertex_colors": []}, {"boundings": {"bounding_box": {"max_x": 0.15, "max_y": 0.24, "max_z": 0.24, "min_x": 0.15, "min_y": -0.24, "min_z": -0.24}, "bounding_ellipsoid_axes": [0, 0.35741, 0.35741], "bounding_ellipsoid_center": [0.15, 0.00795, -0.01238]}, "base_length": 90, "indices": [10602, 90], "normal": [22988, 270], "tangent": [23258, 360], "color": [0, 0], "group": [0, 0], "position": [16444, 270], "texcoord": [16714, 180], "texcoord2": [0, 0], "shade_tangs": [0, 0], "vertex_colors": []}], "b4w_shape_keys": [], "b4w_bounding_box": {"max_x": 0.15, "max_y": 0.3, "max_z": 0.3, "min_x": -0.15, "min_y": -0.3, "min_z": -0.3}, "b4w_bounding_ellipsoid_axes": [0.23144, 0.46288, 0.46288], "b4w_bounding_ellipsoid_center": [0.00025, -0.02927, -0.04307], "b4w_bounding_sphere_radius": 0.35035, "b4w_bounding_cylinder_radius": 0.33896, "b4w_bounding_sphere_center": [0.00083, -0.01367, -0.00875], "b4w_bounding_cylinder_center": [0.00112, 0, -0.00341], "b4w_bounding_box_source": {"max_x": 0.15, "max_y": 0.3, "max_z": 0.3, "min_x": -0.15, "min_y": -0.3, "min_z": -0.3}}], "armatures": [], "cameras": [{"name": "Camera", "uuid": "9b02c9660182daa2537a11c96f615477", "type": "PERSP", "angle": 0.857556, "angle_y": 0.50338, "ortho_scale": 7.314, "clip_start": 0.1, "clip_end": 100, "dof_distance": 0, "b4w_dof_front_start": 1, "b4w_dof_front_end": 5, "b4w_dof_rear_start": 1, "b4w_dof_rear_end": 5, "b4w_dof_power": 2, "b4w_dof_bokeh": false, "b4w_dof_bokeh_intensity": 0.3, "b4w_dof_foreground_blur": false, "b4w_move_style": "TARGET", "b4w_hover_zero_level": 0.0, "b4w_trans_velocity": 1, "b4w_rot_velocity": 1, "b4w_zoom_velocity": 0.1, "b4w_use_target_distance_limits": false, "b4w_distance_min": 1, "b4w_distance_max": 10, "b4w_use_horizontal_clamping": false, "b4w_rotation_left_limit": -0.7853981852531433, "b4w_rotation_right_limit": 0.7853981852531433, "b4w_horizontal_clamping_type": "LOCAL", "b4w_use_vertical_clamping": false, "b4w_rotation_down_limit": -0.7853981852531433, "b4w_rotation_up_limit": 0.7853981852531433, "b4w_vertical_clamping_type": "LOCAL", "b4w_horizontal_translation_min": -10, "b4w_horizontal_translation_max": 10, "b4w_vertical_translation_min": -10, "b4w_vertical_translation_max": 10, "b4w_use_zooming": false, "b4w_hover_angle_min": 0.0, "b4w_hover_angle_max": 1.5707963705062866, "b4w_enable_hover_hor_rotation": true, "b4w_use_panning": true, "b4w_use_pivot_limits": false, "b4w_pivot_z_min": 0.0, "b4w_pivot_z_max": 10.0, "b4w_target": [0, 0, 0], "dof_object": null}], "curves": [], "lamps": [{"animation_data": null, "name": "Lamp", "uuid": "0a24c4f2d2236e1cbf430b08e0017ea8", "type": "POINT", "energy": 1, "distance": 30, "use_diffuse": true, "use_specular": true, "falloff_type": "INVERSE_SQUARE", "clip_start": 1.0007989406585693, "clip_end": 30.00200080871582, "spot_size": null, "spot_blend": null, "b4w_generate_shadows": true, "b4w_dynamic_intensity": false, "color": [1, 1, 1]}], "sounds": [], "speakers": [], "particles": [], "objects": [{"name": "Plane", "uuid": "69d1db0998cc90e9f4799eecdd2bee69", "type": "MESH", "body_text": null, "data": {"uuid": "09800a2138734b689baf4bb989159607"}, "proxy": null, "dupli_group": null, "parent": null, "b4w_viewport_alignment": null, "pinverse_tsr": null, "parent_type": "OBJECT", "parent_bone": "", "b4w_cluster_data": {"cluster_id": -1}, "modifiers": [], "constraints": [], "particle_systems": [], "animation_data": null, "b4w_do_not_batch": true, "b4w_dynamic_geometry": false, "b4w_do_not_cull": false, "b4w_disable_fogging": false, "b4w_do_not_render": false, "b4w_hidden_on_load": false, "b4w_shadow_cast": false, "b4w_shadow_receive": false, "b4w_reflexible": false, "b4w_reflexible_only": false, "b4w_reflective": false, "b4w_reflection_type": "PLANE", "b4w_caustics": false, "b4w_wind_bending": false, "b4w_wind_bending_angle": 10, "b4w_wind_bending_freq": 0.25, "b4w_detail_bending_amp": 0.1, "b4w_detail_bending_freq": 1, "b4w_branch_bending_amp": 0.3, "b4w_main_bend_stiffness_col": "", "b4w_detail_bend_colors": {"leaves_stiffness_col": "", "leaves_phase_col": "", "overall_stiffness_col": ""}, "b4w_lod_transition": 0.01, "lod_levels": [], "b4w_proxy_inherit_anim": true, "b4w_selectable": false, "b4w_outlining": false, "b4w_billboard": false, "b4w_pres_glob_orientation": false, "b4w_billboard_geometry": "SPHERICAL", "b4w_outline_settings": {"outline_duration": 1, "outline_period": 1, "outline_relapses": 0}, "b4w_outline_on_select": false, "b4w_use_default_animation": false, "b4w_anim_behavior": "CYCLIC", "b4w_animation_mixing": false, "b4w_shadow_cast_only": false, "b4w_collision": true, "b4w_collision_id": "", "b4w_vehicle": false, "b4w_vehicle_settings": null, "b4w_character": false, "b4w_character_settings": null, "b4w_floating": false, "b4w_floating_settings": null, "pose": null, "field": null, "b4w_correct_bounding_offset": "AUTO", "game": {"physics_type": "STATIC", "use_ghost": false, "use_sleep": false, "mass": 1, "velocity_min": 0, "velocity_max": 0, "damping": 0.04, "rotation_damping": 0.1, "lock_location_x": false, "lock_location_y": false, "lock_location_z": false, "lock_rotation_x": false, "lock_rotation_y": false, "lock_rotation_z": false, "collision_margin": 0.03999999910593033, "collision_group": 1, "collision_mask": 65535, "use_collision_bounds": true, "collision_bounds_type": "BOX", "use_collision_compound": false}, "location": [0, 0, 0], "rotation_quaternion": [1, 0, 0, 0], "scale": [40, 40, 40], "b4w_object_tags": null, "b4w_anchor": null}, {"name": "Cube", "uuid": "f6061fdf03b914e7a260dae48167e53b", "type": "MESH", "body_text": null, "data": {"uuid": "6114715908e56e9e651bd29b456c329c"}, "proxy": null, "dupli_group": null, "parent": null, "b4w_viewport_alignment": null, "pinverse_tsr": null, "parent_type": "OBJECT", "parent_bone": "", "b4w_cluster_data": {"cluster_id": -1}, "modifiers": [], "constraints": [], "particle_systems": [], "animation_data": null, "b4w_do_not_batch": true, "b4w_dynamic_geometry": false, "b4w_do_not_cull": false, "b4w_disable_fogging": false, "b4w_do_not_render": false, "b4w_hidden_on_load": false, "b4w_shadow_cast": false, "b4w_shadow_receive": false, "b4w_reflexible": false, "b4w_reflexible_only": false, "b4w_reflective": false, "b4w_reflection_type": "PLANE", "b4w_caustics": false, "b4w_wind_bending": false, "b4w_wind_bending_angle": 10, "b4w_wind_bending_freq": 0.25, "b4w_detail_bending_amp": 0.1, "b4w_detail_bending_freq": 1, "b4w_branch_bending_amp": 0.3, "b4w_main_bend_stiffness_col": "", "b4w_detail_bend_colors": {"leaves_stiffness_col": "", "leaves_phase_col": "", "overall_stiffness_col": ""}, "b4w_lod_transition": 0.01, "lod_levels": [], "b4w_proxy_inherit_anim": true, "b4w_selectable": false, "b4w_outlining": false, "b4w_billboard": false, "b4w_pres_glob_orientation": false, "b4w_billboard_geometry": "SPHERICAL", "b4w_outline_settings": {"outline_duration": 1, "outline_period": 1, "outline_relapses": 0}, "b4w_outline_on_select": false, "b4w_use_default_animation": false, "b4w_anim_behavior": "CYCLIC", "b4w_animation_mixing": false, "b4w_shadow_cast_only": false, "b4w_collision": true, "b4w_collision_id": "", "b4w_vehicle": true, "b4w_vehicle_settings": {"name": "car", "part": "STEERING_WHEEL", "suspension_rest_length": 0.1, "suspension_compression": 4.4, "suspension_stiffness": 20, "suspension_damping": 2.3, "wheel_friction": 1000, "roll_influence": 0.1, "max_suspension_travel_cm": 30, "force_max": 1500, "brake_max": 100, "steering_max": 1, "max_speed_angle": 3.14, "delta_tach_angle": 4.43, "speed_ratio": 0.027, "steering_ratio": 10, "inverse_control": false, "floating_factor": 3, "water_lin_damp": 0.8, "water_rot_damp": 0.8, "synchronize_position": false}, "b4w_character": false, "b4w_character_settings": null, "b4w_floating": false, "b4w_floating_settings": null, "pose": null, "field": null, "b4w_correct_bounding_offset": "AUTO", "game": {"physics_type": "NO_COLLISION", "use_ghost": false, "use_sleep": false, "mass": 1, "velocity_min": 0, "velocity_max": 0, "damping": 0.04, "rotation_damping": 0.1, "lock_location_x": false, "lock_location_y": false, "lock_location_z": false, "lock_rotation_x": false, "lock_rotation_y": false, "lock_rotation_z": false, "collision_margin": 0.03999999910593033, "collision_group": 1, "collision_mask": 65535, "use_collision_bounds": false, "collision_bounds_type": "BOX", "use_collision_compound": false}, "location": [0, 0.60149, 0], "rotation_quaternion": [1, 0, 0, 0], "scale": [0.2, 0.2, 0.2], "b4w_object_tags": null, "b4w_anchor": null}, {"name": "Lamp", "uuid": "6908e37b872c71580ee517321d77be8b", "type": "LAMP", "body_text": null, "data": {"uuid": "0a24c4f2d2236e1cbf430b08e0017ea8"}, "proxy": null, "dupli_group": null, "parent": null, "b4w_viewport_alignment": null, "pinverse_tsr": null, "parent_type": "OBJECT", "parent_bone": "", "b4w_cluster_data": {"cluster_id": -1}, "modifiers": [], "constraints": [], "particle_systems": [], "animation_data": null, "b4w_do_not_batch": false, "b4w_dynamic_geometry": false, "b4w_do_not_cull": false, "b4w_disable_fogging": false, "b4w_do_not_render": false, "b4w_hidden_on_load": false, "b4w_shadow_cast": false, "b4w_shadow_receive": false, "b4w_reflexible": false, "b4w_reflexible_only": false, "b4w_reflective": false, "b4w_reflection_type": "PLANE", "b4w_caustics": false, "b4w_wind_bending": false, "b4w_wind_bending_angle": 10, "b4w_wind_bending_freq": 0.25, "b4w_detail_bending_amp": 0.1, "b4w_detail_bending_freq": 1, "b4w_branch_bending_amp": 0.3, "b4w_main_bend_stiffness_col": "", "b4w_detail_bend_colors": {"leaves_stiffness_col": "", "leaves_phase_col": "", "overall_stiffness_col": ""}, "b4w_lod_transition": 0.01, "lod_levels": [], "b4w_proxy_inherit_anim": true, "b4w_selectable": false, "b4w_outlining": false, "b4w_billboard": false, "b4w_pres_glob_orientation": false, "b4w_billboard_geometry": "SPHERICAL", "b4w_outline_settings": {"outline_duration": 1, "outline_period": 1, "outline_relapses": 0}, "b4w_outline_on_select": false, "b4w_use_default_animation": false, "b4w_anim_behavior": "CYCLIC", "b4w_animation_mixing": false, "b4w_shadow_cast_only": false, "b4w_collision": false, "b4w_collision_id": "", "b4w_vehicle": false, "b4w_vehicle_settings": null, "b4w_character": false, "b4w_character_settings": null, "b4w_floating": false, "b4w_floating_settings": null, "pose": null, "field": null, "b4w_correct_bounding_offset": "AUTO", "game": {"physics_type": "STATIC", "use_ghost": false, "use_sleep": false, "mass": 1, "velocity_min": 0, "velocity_max": 0, "damping": 0.025, "rotation_damping": 0.159, "lock_location_x": false, "lock_location_y": false, "lock_location_z": false, "lock_rotation_x": false, "lock_rotation_y": false, "lock_rotation_z": false, "collision_margin": 0.05999999865889549, "collision_group": 1, "collision_mask": 255, "use_collision_bounds": false, "collision_bounds_type": "BOX", "use_collision_compound": false}, "location": [4.07625, 5.90386, -1.00545], "rotation_quaternion": [0.57095, 0.16908, 0.75588, -0.27217], "scale": [1, 1, 1], "b4w_object_tags": null, "b4w_anchor": null}, {"name": "Camera", "uuid": "c3700cac8bab56998aa4b81df1e22514", "type": "CAMERA", "body_text": null, "data": {"uuid": "9b02c9660182daa2537a11c96f615477"}, "proxy": null, "dupli_group": null, "parent": null, "b4w_viewport_alignment": null, "pinverse_tsr": null, "parent_type": "OBJECT", "parent_bone": "", "b4w_cluster_data": {"cluster_id": -1}, "modifiers": [], "constraints": [], "particle_systems": [], "animation_data": null, "b4w_do_not_batch": false, "b4w_dynamic_geometry": false, "b4w_do_not_cull": false, "b4w_disable_fogging": false, "b4w_do_not_render": false, "b4w_hidden_on_load": false, "b4w_shadow_cast": false, "b4w_shadow_receive": false, "b4w_reflexible": false, "b4w_reflexible_only": false, "b4w_reflective": false, "b4w_reflection_type": "PLANE", "b4w_caustics": false, "b4w_wind_bending": false, "b4w_wind_bending_angle": 10, "b4w_wind_bending_freq": 0.25, "b4w_detail_bending_amp": 0.1, "b4w_detail_bending_freq": 1, "b4w_branch_bending_amp": 0.3, "b4w_main_bend_stiffness_col": "", "b4w_detail_bend_colors": {"leaves_stiffness_col": "", "leaves_phase_col": "", "overall_stiffness_col": ""}, "b4w_lod_transition": 0.01, "lod_levels": [], "b4w_proxy_inherit_anim": true, "b4w_selectable": false, "b4w_outlining": false, "b4w_billboard": false, "b4w_pres_glob_orientation": false, "b4w_billboard_geometry": "SPHERICAL", "b4w_outline_settings": {"outline_duration": 1, "outline_period": 1, "outline_relapses": 0}, "b4w_outline_on_select": false, "b4w_use_default_animation": false, "b4w_anim_behavior": "CYCLIC", "b4w_animation_mixing": false, "b4w_shadow_cast_only": false, "b4w_collision": false, "b4w_collision_id": "", "b4w_vehicle": false, "b4w_vehicle_settings": null, "b4w_character": false, "b4w_character_settings": null, "b4w_floating": false, "b4w_floating_settings": null, "pose": null, "field": null, "b4w_correct_bounding_offset": "AUTO", "game": {"physics_type": "STATIC", "use_ghost": false, "use_sleep": false, "mass": 1, "velocity_min": 0, "velocity_max": 0, "damping": 0.566, "rotation_damping": 0.626, "lock_location_x": false, "lock_location_y": false, "lock_location_z": false, "lock_rotation_x": false, "lock_rotation_y": false, "lock_rotation_z": false, "collision_margin": 0.05999999865889549, "collision_group": 1, "collision_mask": 255, "use_collision_bounds": false, "collision_bounds_type": "BOX", "use_collision_compound": false}, "location": [7.48113, 5.34367, 6.50764], "rotation_quaternion": [0.78048, 0.48354, 0.33687, -0.2087], "scale": [1, 1, 1], "b4w_object_tags": null, "b4w_anchor": null}, {"name": "bluebird", "uuid": "dc3fb30dee22b68865f5699b45e0ab11", "type": "MESH", "body_text": null, "data": {"uuid": "7dfb2621f00081297328384b306d9417"}, "proxy": null, "dupli_group": null, "parent": null, "b4w_viewport_alignment": null, "pinverse_tsr": null, "parent_type": "OBJECT", "parent_bone": "", "b4w_cluster_data": {"cluster_id": -1}, "modifiers": [], "constraints": [], "particle_systems": [], "animation_data": null, "b4w_do_not_batch": true, "b4w_dynamic_geometry": false, "b4w_do_not_cull": false, "b4w_disable_fogging": false, "b4w_do_not_render": false, "b4w_hidden_on_load": false, "b4w_shadow_cast": false, "b4w_shadow_receive": false, "b4w_reflexible": false, "b4w_reflexible_only": false, "b4w_reflective": false, "b4w_reflection_type": "PLANE", "b4w_caustics": false, "b4w_wind_bending": false, "b4w_wind_bending_angle": 10, "b4w_wind_bending_freq": 0.25, "b4w_detail_bending_amp": 0.1, "b4w_detail_bending_freq": 1, "b4w_branch_bending_amp": 0.3, "b4w_main_bend_stiffness_col": "", "b4w_detail_bend_colors": {"leaves_stiffness_col": "", "leaves_phase_col": "", "overall_stiffness_col": ""}, "b4w_lod_transition": 0.01, "lod_levels": [], "b4w_proxy_inherit_anim": true, "b4w_selectable": false, "b4w_outlining": false, "b4w_billboard": false, "b4w_pres_glob_orientation": false, "b4w_billboard_geometry": "SPHERICAL", "b4w_outline_settings": {"outline_duration": 1, "outline_period": 1, "outline_relapses": 0}, "b4w_outline_on_select": false, "b4w_use_default_animation": false, "b4w_anim_behavior": "CYCLIC", "b4w_animation_mixing": false, "b4w_shadow_cast_only": false, "b4w_collision": true, "b4w_collision_id": "", "b4w_vehicle": true, "b4w_vehicle_settings": {"name": "car", "part": "CHASSIS", "suspension_rest_length": 0.1, "suspension_compression": 4.4, "suspension_stiffness": 20, "suspension_damping": 2.3, "wheel_friction": 1000, "roll_influence": 0.1, "max_suspension_travel_cm": 30, "force_max": 1500.01, "brake_max": 100, "steering_max": 1, "max_speed_angle": 3.14, "delta_tach_angle": 4.43, "speed_ratio": 0.027, "steering_ratio": 10, "inverse_control": false, "floating_factor": 3, "water_lin_damp": 0.8, "water_rot_damp": 0.8, "synchronize_position": false}, "b4w_character": false, "b4w_character_settings": null, "b4w_floating": false, "b4w_floating_settings": null, "pose": null, "field": null, "b4w_correct_bounding_offset": "AUTO", "game": {"physics_type": "RIGID_BODY", "use_ghost": false, "use_sleep": true, "mass": 800, "velocity_min": 0, "velocity_max": 0, "damping": 0.025, "rotation_damping": 0.159, "lock_location_x": false, "lock_location_y": false, "lock_location_z": false, "lock_rotation_x": false, "lock_rotation_y": false, "lock_rotation_z": false, "collision_margin": 0.05999999865889549, "collision_group": 1, "collision_mask": 255, "use_collision_bounds": true, "collision_bounds_type": "BOX", "use_collision_compound": false}, "location": [0, 0.64, 0], "rotation_quaternion": [1, 0, 0, 0], "scale": [1, 1, 1], "b4w_object_tags": null, "b4w_anchor": null}, {"name": "TireBR", "uuid": "3aed714cf6c2876b51ccabdbda7b3d35", "type": "MESH", "body_text": null, "data": {"uuid": "d31f51ac34ee70d2c5305723d5f1fe19"}, "proxy": null, "dupli_group": null, "parent": {"uuid": "dc3fb30dee22b68865f5699b45e0ab11"}, "b4w_viewport_alignment": null, "parent_type": "OBJECT", "parent_bone": "", "b4w_cluster_data": {"cluster_id": -1}, "modifiers": [], "constraints": [], "particle_systems": [], "animation_data": null, "b4w_do_not_batch": true, "b4w_dynamic_geometry": false, "b4w_do_not_cull": false, "b4w_disable_fogging": false, "b4w_do_not_render": false, "b4w_hidden_on_load": false, "b4w_shadow_cast": false, "b4w_shadow_receive": false, "b4w_reflexible": false, "b4w_reflexible_only": false, "b4w_reflective": false, "b4w_reflection_type": "PLANE", "b4w_caustics": false, "b4w_wind_bending": false, "b4w_wind_bending_angle": 10, "b4w_wind_bending_freq": 0.25, "b4w_detail_bending_amp": 0.1, "b4w_detail_bending_freq": 1, "b4w_branch_bending_amp": 0.3, "b4w_main_bend_stiffness_col": "", "b4w_detail_bend_colors": {"leaves_stiffness_col": "", "leaves_phase_col": "", "overall_stiffness_col": ""}, "b4w_lod_transition": 0.01, "lod_levels": [], "b4w_proxy_inherit_anim": true, "b4w_selectable": false, "b4w_outlining": false, "b4w_billboard": false, "b4w_pres_glob_orientation": false, "b4w_billboard_geometry": "SPHERICAL", "b4w_outline_settings": {"outline_duration": 1, "outline_period": 1, "outline_relapses": 0}, "b4w_outline_on_select": false, "b4w_use_default_animation": false, "b4w_anim_behavior": "CYCLIC", "b4w_animation_mixing": false, "b4w_shadow_cast_only": false, "b4w_collision": true, "b4w_collision_id": "", "b4w_vehicle": true, "b4w_vehicle_settings": {"name": "car", "part": "WHEEL_BACK_RIGHT", "suspension_rest_length": 0.1, "suspension_compression": 4.4, "suspension_stiffness": 20, "suspension_damping": 2.3, "wheel_friction": 1000, "roll_influence": 0.1, "max_suspension_travel_cm": 30, "force_max": 1500, "brake_max": 100, "steering_max": 1, "max_speed_angle": 3.14, "delta_tach_angle": 4.43, "speed_ratio": 0.027, "steering_ratio": 10, "inverse_control": false, "floating_factor": 3, "water_lin_damp": 0.8, "water_rot_damp": 0.8, "synchronize_position": false}, "b4w_character": false, "b4w_character_settings": null, "b4w_floating": false, "b4w_floating_settings": null, "pose": null, "field": null, "b4w_correct_bounding_offset": "AUTO", "game": {"physics_type": "NO_COLLISION", "use_ghost": false, "use_sleep": false, "mass": 1, "velocity_min": 0, "velocity_max": 0, "damping": 0.04, "rotation_damping": 0.1, "lock_location_x": false, "lock_location_y": false, "lock_location_z": false, "lock_rotation_x": false, "lock_rotation_y": false, "lock_rotation_z": false, "collision_margin": 0.03999999910593033, "collision_group": 1, "collision_mask": 255, "use_collision_bounds": false, "collision_bounds_type": "BOX", "use_collision_compound": false}, "pinverse_tsr": [0, 0, 0, 1, 0, 0, 0, 1], "location": [-0.75822, -0.32, -1.64], "rotation_quaternion": [1, 0, 0, 0], "scale": [1, 1, 1], "b4w_object_tags": null, "b4w_anchor": null}, {"name": "TireFR", "uuid": "689d86fef21e1d230878071cdea0df00", "type": "MESH", "body_text": null, "data": {"uuid": "fd83923c606bb00c2ca12b5efc5898e7"}, "proxy": null, "dupli_group": null, "parent": {"uuid": "dc3fb30dee22b68865f5699b45e0ab11"}, "b4w_viewport_alignment": null, "parent_type": "OBJECT", "parent_bone": "", "b4w_cluster_data": {"cluster_id": -1}, "modifiers": [], "constraints": [], "particle_systems": [], "animation_data": null, "b4w_do_not_batch": true, "b4w_dynamic_geometry": false, "b4w_do_not_cull": false, "b4w_disable_fogging": false, "b4w_do_not_render": false, "b4w_hidden_on_load": false, "b4w_shadow_cast": false, "b4w_shadow_receive": false, "b4w_reflexible": false, "b4w_reflexible_only": false, "b4w_reflective": false, "b4w_reflection_type": "PLANE", "b4w_caustics": false, "b4w_wind_bending": false, "b4w_wind_bending_angle": 10, "b4w_wind_bending_freq": 0.25, "b4w_detail_bending_amp": 0.1, "b4w_detail_bending_freq": 1, "b4w_branch_bending_amp": 0.3, "b4w_main_bend_stiffness_col": "", "b4w_detail_bend_colors": {"leaves_stiffness_col": "", "leaves_phase_col": "", "overall_stiffness_col": ""}, "b4w_lod_transition": 0.01, "lod_levels": [], "b4w_proxy_inherit_anim": true, "b4w_selectable": false, "b4w_outlining": false, "b4w_billboard": false, "b4w_pres_glob_orientation": false, "b4w_billboard_geometry": "SPHERICAL", "b4w_outline_settings": {"outline_duration": 1, "outline_period": 1, "outline_relapses": 0}, "b4w_outline_on_select": false, "b4w_use_default_animation": false, "b4w_anim_behavior": "CYCLIC", "b4w_animation_mixing": false, "b4w_shadow_cast_only": false, "b4w_collision": true, "b4w_collision_id": "", "b4w_vehicle": true, "b4w_vehicle_settings": {"name": "car", "part": "WHEEL_FRONT_RIGHT", "suspension_rest_length": 0.1, "suspension_compression": 4.4, "suspension_stiffness": 20, "suspension_damping": 2.3, "wheel_friction": 1000, "roll_influence": 0.1, "max_suspension_travel_cm": 30, "force_max": 1500, "brake_max": 100, "steering_max": 1, "max_speed_angle": 3.14, "delta_tach_angle": 4.43, "speed_ratio": 0.027, "steering_ratio": 10, "inverse_control": false, "floating_factor": 3, "water_lin_damp": 0.8, "water_rot_damp": 0.8, "synchronize_position": false}, "b4w_character": false, "b4w_character_settings": null, "b4w_floating": false, "b4w_floating_settings": null, "pose": null, "field": null, "b4w_correct_bounding_offset": "AUTO", "game": {"physics_type": "NO_COLLISION", "use_ghost": false, "use_sleep": false, "mass": 1, "velocity_min": 0, "velocity_max": 0, "damping": 0.04, "rotation_damping": 0.1, "lock_location_x": false, "lock_location_y": false, "lock_location_z": false, "lock_rotation_x": false, "lock_rotation_y": false, "lock_rotation_z": false, "collision_margin": 0.03999999910593033, "collision_group": 1, "collision_mask": 255, "use_collision_bounds": false, "collision_bounds_type": "BOX", "use_collision_compound": false}, "pinverse_tsr": [0, 0, 0, 1, 0, 0, 0, 1], "location": [-0.73733, -0.32, 1.32], "rotation_quaternion": [1, 0, 0, 0], "scale": [1, 1, 1], "b4w_object_tags": null, "b4w_anchor": null}, {"name": "TireBL", "uuid": "f36ca7c069d03c9ecb4d3f95bb987970", "type": "MESH", "body_text": null, "data": {"uuid": "c632ce801f99af933eaceb2596bdc168"}, "proxy": null, "dupli_group": null, "parent": {"uuid": "dc3fb30dee22b68865f5699b45e0ab11"}, "b4w_viewport_alignment": null, "parent_type": "OBJECT", "parent_bone": "", "b4w_cluster_data": {"cluster_id": -1}, "modifiers": [], "constraints": [], "particle_systems": [], "animation_data": null, "b4w_do_not_batch": true, "b4w_dynamic_geometry": false, "b4w_do_not_cull": false, "b4w_disable_fogging": false, "b4w_do_not_render": false, "b4w_hidden_on_load": false, "b4w_shadow_cast": false, "b4w_shadow_receive": false, "b4w_reflexible": false, "b4w_reflexible_only": false, "b4w_reflective": false, "b4w_reflection_type": "PLANE", "b4w_caustics": false, "b4w_wind_bending": false, "b4w_wind_bending_angle": 10, "b4w_wind_bending_freq": 0.25, "b4w_detail_bending_amp": 0.1, "b4w_detail_bending_freq": 1, "b4w_branch_bending_amp": 0.3, "b4w_main_bend_stiffness_col": "", "b4w_detail_bend_colors": {"leaves_stiffness_col": "", "leaves_phase_col": "", "overall_stiffness_col": ""}, "b4w_lod_transition": 0.01, "lod_levels": [], "b4w_proxy_inherit_anim": true, "b4w_selectable": false, "b4w_outlining": false, "b4w_billboard": false, "b4w_pres_glob_orientation": false, "b4w_billboard_geometry": "SPHERICAL", "b4w_outline_settings": {"outline_duration": 1, "outline_period": 1, "outline_relapses": 0}, "b4w_outline_on_select": false, "b4w_use_default_animation": false, "b4w_anim_behavior": "CYCLIC", "b4w_animation_mixing": false, "b4w_shadow_cast_only": false, "b4w_collision": true, "b4w_collision_id": "", "b4w_vehicle": true, "b4w_vehicle_settings": {"name": "car", "part": "WHEEL_BACK_LEFT", "suspension_rest_length": 0.1, "suspension_compression": 4.4, "suspension_stiffness": 20, "suspension_damping": 2.3, "wheel_friction": 1000, "roll_influence": 0.1, "max_suspension_travel_cm": 30, "force_max": 1500, "brake_max": 100, "steering_max": 1, "max_speed_angle": 3.14, "delta_tach_angle": 4.43, "speed_ratio": 0.027, "steering_ratio": 10, "inverse_control": false, "floating_factor": 3, "water_lin_damp": 0.8, "water_rot_damp": 0.8, "synchronize_position": false}, "b4w_character": false, "b4w_character_settings": null, "b4w_floating": false, "b4w_floating_settings": null, "pose": null, "field": null, "b4w_correct_bounding_offset": "AUTO", "game": {"physics_type": "NO_COLLISION", "use_ghost": false, "use_sleep": false, "mass": 1, "velocity_min": 0, "velocity_max": 0, "damping": 0.04, "rotation_damping": 0.1, "lock_location_x": false, "lock_location_y": false, "lock_location_z": false, "lock_rotation_x": false, "lock_rotation_y": false, "lock_rotation_z": false, "collision_margin": 0.03999999910593033, "collision_group": 1, "collision_mask": 255, "use_collision_bounds": false, "collision_bounds_type": "BOX", "use_collision_compound": false}, "pinverse_tsr": [0, 0, 0, 1, 0, 0, 0, 1], "location": [0.73733, -0.32, -1.64], "rotation_quaternion": [1, 0, 0, 0], "scale": [1, 1, 1], "b4w_object_tags": null, "b4w_anchor": null}, {"name": "TireFL", "uuid": "37a0508a20a674f0d9600486ae5b23f8", "type": "MESH", "body_text": null, "data": {"uuid": "bb3675ff79420381de491abef2b4ebd0"}, "proxy": null, "dupli_group": null, "parent": {"uuid": "dc3fb30dee22b68865f5699b45e0ab11"}, "b4w_viewport_alignment": null, "parent_type": "OBJECT", "parent_bone": "", "b4w_cluster_data": {"cluster_id": -1}, "modifiers": [], "constraints": [], "particle_systems": [], "animation_data": null, "b4w_do_not_batch": true, "b4w_dynamic_geometry": false, "b4w_do_not_cull": false, "b4w_disable_fogging": false, "b4w_do_not_render": false, "b4w_hidden_on_load": false, "b4w_shadow_cast": false, "b4w_shadow_receive": false, "b4w_reflexible": false, "b4w_reflexible_only": false, "b4w_reflective": false, "b4w_reflection_type": "PLANE", "b4w_caustics": false, "b4w_wind_bending": false, "b4w_wind_bending_angle": 10, "b4w_wind_bending_freq": 0.25, "b4w_detail_bending_amp": 0.1, "b4w_detail_bending_freq": 1, "b4w_branch_bending_amp": 0.3, "b4w_main_bend_stiffness_col": "", "b4w_detail_bend_colors": {"leaves_stiffness_col": "", "leaves_phase_col": "", "overall_stiffness_col": ""}, "b4w_lod_transition": 0.01, "lod_levels": [], "b4w_proxy_inherit_anim": true, "b4w_selectable": false, "b4w_outlining": false, "b4w_billboard": false, "b4w_pres_glob_orientation": false, "b4w_billboard_geometry": "SPHERICAL", "b4w_outline_settings": {"outline_duration": 1, "outline_period": 1, "outline_relapses": 0}, "b4w_outline_on_select": false, "b4w_use_default_animation": false, "b4w_anim_behavior": "CYCLIC", "b4w_animation_mixing": false, "b4w_shadow_cast_only": false, "b4w_collision": true, "b4w_collision_id": "", "b4w_vehicle": true, "b4w_vehicle_settings": {"name": "car", "part": "WHEEL_FRONT_LEFT", "suspension_rest_length": 0.1, "suspension_compression": 4.4, "suspension_stiffness": 20, "suspension_damping": 2.3, "wheel_friction": 1000, "roll_influence": 0.1, "max_suspension_travel_cm": 30, "force_max": 1500, "brake_max": 100, "steering_max": 1, "max_speed_angle": 3.14, "delta_tach_angle": 4.43, "speed_ratio": 0.027, "steering_ratio": 10, "inverse_control": false, "floating_factor": 3, "water_lin_damp": 0.8, "water_rot_damp": 0.8, "synchronize_position": false}, "b4w_character": false, "b4w_character_settings": null, "b4w_floating": false, "b4w_floating_settings": null, "pose": null, "field": null, "b4w_correct_bounding_offset": "AUTO", "game": {"physics_type": "NO_COLLISION", "use_ghost": false, "use_sleep": false, "mass": 1, "velocity_min": 0, "velocity_max": 0, "damping": 0.04, "rotation_damping": 0.1, "lock_location_x": false, "lock_location_y": false, "lock_location_z": false, "lock_rotation_x": false, "lock_rotation_y": false, "lock_rotation_z": false, "collision_margin": 0.03999999910593033, "collision_group": 1, "collision_mask": 255, "use_collision_bounds": false, "collision_bounds_type": "BOX", "use_collision_compound": false}, "pinverse_tsr": [0, 0, 0, 1, 0, 0, 0, 1], "location": [0.73733, -0.32, 1.32], "rotation_quaternion": [1, 0, 0, 0], "scale": [1, 1, 1], "b4w_object_tags": null, "b4w_anchor": null}], "groups": [], "scenes": [{"name": "Scene", "uuid": "85b53a0f7ccfa7d79c57c5d9bcd8a7ec", "b4w_use_nla": false, "b4w_nla_cyclic": false, "b4w_logic_nodes": [], "b4w_use_logic_editor": false, "b4w_enable_dynamic_compressor": false, "b4w_dynamic_compressor_settings": {"threshold": -24, "knee": 30, "ratio": 12, "attack": 0.003, "release": 0.25}, "b4w_shadow_settings": {"csm_resolution": 2048, "self_shadow_polygon_offset": 1, "self_shadow_normal_offset": 0.01, "b4w_enable_csm": false, "csm_num": 1, "csm_first_cascade_border": 10, "first_cascade_blur_radius": 3, "csm_last_cascade_border": 100, "last_cascade_blur_radius": 1.5, "fade_last_cascade": true, "blend_between_cascades": true}, "b4w_god_rays_settings": {"intensity": 0.7, "max_ray_length": 1, "steps_per_pass": 10}, "b4w_ssao_settings": {"radius_increase": 3, "hemisphere": false, "blur_depth": false, "blur_discard_value": 1, "influence": 0.7, "dist_factor": 0, "samples": 16}, "b4w_color_correction_settings": {"brightness": 0, "contrast": 0, "exposure": 1, "saturation": 1}, "b4w_bloom_settings": {"key": 1, "blur": 4, "edge_lum": 1}, "b4w_motion_blur_settings": {"motion_blur_factor": 0.01, "motion_blur_decay_threshold": 0.01}, "b4w_glow_settings": {"render_glow_over_blend": false, "small_glow_mask_coeff": 2, "large_glow_mask_coeff": 2, "small_glow_mask_width": 2, "large_glow_mask_width": 6}, "b4w_outline_color": [1, 1, 1], "b4w_outline_factor": 1, "b4w_enable_physics": true, "b4w_render_shadows": "AUTO", "b4w_render_reflections": "ON", "b4w_reflection_quality": "MEDIUM", "b4w_render_refractions": "AUTO", "b4w_render_dynamic_grass": "AUTO", "b4w_enable_god_rays": false, "b4w_enable_glow_materials": "AUTO", "b4w_enable_ssao": false, "b4w_batch_grid_size": 0, "b4w_anisotropic_filtering": "OFF", "b4w_enable_bloom": false, "b4w_enable_motion_blur": false, "b4w_enable_color_correction": false, "b4w_antialiasing_quality": "MEDIUM", "b4w_enable_object_selection": "AUTO", "b4w_enable_outlining": "AUTO", "b4w_enable_anchors_visibility": "AUTO", "b4w_tags": null, "objects": [{"uuid": "69d1db0998cc90e9f4799eecdd2bee69"}, {"uuid": "f6061fdf03b914e7a260dae48167e53b"}, {"uuid": "6908e37b872c71580ee517321d77be8b"}, {"uuid": "c3700cac8bab56998aa4b81df1e22514"}, {"uuid": "dc3fb30dee22b68865f5699b45e0ab11"}, {"uuid": "3aed714cf6c2876b51ccabdbda7b3d35"}, {"uuid": "689d86fef21e1d230878071cdea0df00"}, {"uuid": "f36ca7c069d03c9ecb4d3f95bb987970"}, {"uuid": "37a0508a20a674f0d9600486ae5b23f8"}], "camera": {"uuid": "c3700cac8bab56998aa4b81df1e22514"}, "world": {"uuid": "4d29772ba701689726bc43199a173060"}, "frame_start": 1, "frame_end": 250, "timeline_markers": null, "fps": 24, "audio_volume": 1, "audio_doppler_speed": 343.3, "audio_doppler_factor": 1, "audio_distance_model": "INVERSE_CLAMPED"}], "worlds": [{"name": "World", "uuid": "4d29772ba701689726bc43199a173060", "texture_slots": [], "horizon_color": [0.0509, 0.0509, 0.0509], "zenith_color": [0.01, 0.01, 0.01], "use_sky_paper": false, "use_sky_blend": false, "use_sky_real": false, "b4w_use_default_animation": false, "b4w_anim_behavior": "CYCLIC", "light_settings": {"use_environment_light": false, "environment_energy": 1, "environment_color": "PLAIN"}, "b4w_sky_settings": {"render_sky": false, "reflexible": true, "reflexible_only": false, "procedural_skydome": false, "use_as_environment_lighting": false, "color": [0.087, 0.255, 0.6], "rayleigh_brightness": 3.3, "mie_brightness": 0.1, "spot_brightness": 20, "scatter_strength": 0.2, "rayleigh_strength": 0.2, "mie_strength": 0.006, "rayleigh_collection_power": 0.35, "mie_collection_power": 0.5, "mie_distribution": 0.4}, "fog_settings": {"use_fog": false, "intensity": 0, "depth": 25, "start": 5, "height": 0, "falloff": "QUADRATIC", "use_custom_color": true, "color": [0.5, 0.5, 0.5]}, "animation_data": null}], "node_groups": [], "binaries": [{"binfile": "bluebirdTut24.bin", "int": 0, "float": 42768, "short": 110344, "ushort": 157580}], "b4w_export_warnings": [], "b4w_export_errors": []}